Id,DTX-Algebra-Arith-Diataxh-Definition1
FileType,Def
Field,Algebra
Chapter,Arith
Section,Diataxh
ExerciseType,-
Difficulty,0
Path,/home/spyros/Μαθηματικά/Βάση Δεδομένων Μαθηματικών/Άλγεβρα/Αριθμοί/Διάταξη αριθμών/Ορισμοί/DTX-Algebra-Arith-Diataxh-Definition1.tex
Date,22/9/2021 19:42
Solved,-
Bibliography,
FileContent,%# Database File : DTX-Algebra-Arith-Diataxh-Definition1\qt_endl%@ Database source: Mathematics\qt_endlΚλειστό διάστημα ονομάζεται το σύνολο των πραγματικών αριθμών που βρίσκονται μεταξύ δύο αριθμών $ a,\beta\in\mathbb{R} $. Συμβολίζεται με $ [a,\beta] $.\qt_endl\[ [a,\beta]=\{x\in\mathbb{R}|a\leq x\leq \beta\} \]\qt_endl\begin{itemize}[itemsep=0mm]\qt_endl\item Οι $ a,\beta $ ονομάζονται \textbf{άκρα} του διαστήματος.\qt_endl\item Κάθε διάστημα μπορεί να εκφραστεί σαν ανισότητα και αντίστροφα.\qt_endl\item Αν από το κλειστό διάστημα παραλείψουμε τα άκρα $ a,\beta $ τό διάστημα που προκύπτει ονομάζεται \textbf{ανοιχτό διάστημα} $ (a,\beta) $.\qt_endl\item Το σύνολο των πραγματικών αριθμών $ x\geq a $ ορίζουν το διάστημα $ [a,+\infty) $. Ομοίως, τα διαστήματα $ (a,\infty), (-\infty,a] $ και $ (-\infty,a) $ είναι τα σύνολα των αριθμών $ x $ για τους οποίους ισχύει αντίστοιχα $ x>a,x\leq a $ και $ x<a $.\qt_endl\item Ο αριθμός $ x_0=\frac{a+\beta}{2} $ ονομάζεται \textbf{κέντρο}, ο αριθμός $ \mu=\beta-a $ ονομάζεται \textbf{μήκος} και ο αριθμός $ \rho=\frac{\beta-a}{2} $ ονομάζεται \textbf{ακτίνα} του διαστήματος.\qt_endl\end{itemize}\qt_endlΣτον παρακάτω πίνακα βλέπουμε όλους τους τύπους διαστημάτων, τη γραφική παράστασή τους καθώς και το πως παριστάνεται το καθένα σαν ανισότητα.\qt_endl\begin{center}\qt_endl\begin{tabular}{cc>{\centering\arraybackslash}m{4cm}c}\qt_endl\hline \rule[-2ex]{0pt}{5.5ex} \textbf{Διάστημα} & \textbf{Ανισότητα} & \textbf{Σχήμα} & \textbf{Περιγραφή} \\ \qt_endl\hhline{====} \rule[-2ex]{0pt}{5.5ex} $ [a,\beta] $ & $ a\leq x\leq\beta $ & \begin{tikzpicture}\qt_endl\tkzDefPoint(0,.57){A}\qt_endl\Diasthma{a}{ \beta }{.7}{2.3}{.3}{\xrwma!30}\qt_endl\Axonas{0}{3}\qt_endl\Akro{k}{.7}\qt_endl\Akro{k}{2.3}\qt_endl\end{tikzpicture} & Κλειστό $ a,\beta $ \\ \qt_endl$ (a,\beta) $ & $ a< x<\beta $ & \begin{tikzpicture}\qt_endl\tkzDefPoint(0,.57){A}\qt_endl\Diasthma{a}{ \beta }{.7}{2.3}{.3}{\xrwma!30}\qt_endl\Axonas{0}{3}\qt_endl\Akro{a}{.7}\qt_endl\Akro{a}{2.3}\qt_endl\end{tikzpicture} & Ανοιχτό $ a,\beta $\\\qt_endl$ [a,\beta) $ & $ a\leq x<\beta $ & \begin{tikzpicture}\qt_endl\tkzDefPoint(0,.57){A}\qt_endl\Diasthma{a}{ \beta }{.7}{2.3}{.3}{\xrwma!30}\qt_endl\Axonas{0}{3}\qt_endl\Akro{k}{.7}\qt_endl\Akro{a}{2.3}\qt_endl\end{tikzpicture} & Κλειστό $a$ ανοιχτό $\beta$\\\qt_endl$ (a,\beta] $ & $ a< x\leq\beta $ & \begin{tikzpicture}\qt_endl\tkzDefPoint(0,.57){A}\qt_endl\Diasthma{a}{ \beta }{.7}{2.3}{.3}{\xrwma!30}\qt_endl\Axonas{0}{3}\qt_endl\Akro{a}{.7}\qt_endl\Akro{k}{2.3}\qt_endl\end{tikzpicture} & Ανοιχτό $a$ κλειστό $\beta$ \\\qt_endl$ [a,+\infty) $ & $ x\geq a $ & \begin{tikzpicture}\qt_endl\tkzDefPoint(0,.57){A}\qt_endl\Xapeiro{a}{.7}{3}{.3}{\xrwma!30}\qt_endl\Axonas{0}{3}\qt_endl\Akro{k}{.7}\qt_endl\end{tikzpicture} & Κλειστό $a$ συν άπειρο \\\qt_endl$ (a,+\infty) $ & $ x>a $ & \begin{tikzpicture}\qt_endl\tkzDefPoint(0,.57){A}\qt_endl\Xapeiro{a}{.7}{3}{.3}{\xrwma!30}\qt_endl\Axonas{0}{3}\qt_endl\Akro{a}{.7}\qt_endl\end{tikzpicture} & Ανοιχτό $a$ συν άπειρο \\\qt_endl$ (-\infty,a] $ & $ x\leq a $ & \begin{tikzpicture}\qt_endl\tkzDefPoint(0,.57){A}\qt_endl\ApeiroX{a}{2.3}{0}{.35}{\xrwma!30}\qt_endl\Axonas{0}{3}\qt_endl\Akro{k}{2.3}\qt_endl\end{tikzpicture} & Μείον άπειρο $a$ κλειστό \\\qt_endl$ (-\infty,a) $ & $ x<a $ & \begin{tikzpicture}\qt_endl\tkzDefPoint(0,.57){A}\qt_endl\ApeiroX{a}{2.3}{0}{.35}{\xrwma!30}\qt_endl\Axonas{0}{3}\qt_endl\Akro{a}{2.3}\qt_endl\end{tikzpicture} & Μείον άπειρο $a$ ανοιχτό \\\qt_endl\hline \qt_endl\end{tabular}\qt_endl\end{center}\qt_endl%# End of file DTX-Algebra-Arith-Diataxh-Definition1
Preamble,Basic
BuildCommand,PdfLaTeX
FileDescription,
MultiSection,0
Class,
Year,
Semester,
