Id,Alg-Anis2ou-EidhRizwn-SectEx1
FileType,SectEx
Field,Algebra
Chapter,ExAn
Section,Anis2ou
ExerciseType,EidhRizwn
Difficulty,0
Path,/home/spyros/Μαθηματικά/Βάση Δεδομένων Μαθηματικών/Άλγεβρα/Ενότητες/Ανισώσεις 2ου βαθμού/Ασκήσεις/Είδη και πλήθος ριζών τριωνύμου 2ου β./Alg-Anis2ou-EidhRizwn-SectEx1.tex
Date,14/10/2020 15:18
Solved,ΟΧΙ
Bibliography,
FileContent,%# Database File : Alg-Anis2ou-EidhRizwn-SectEx1----\qt_endl%@ Database source: Mathematics\qt_endlΝα βρεθούν οι τιμές της παραμέτρου $ \lambda\in\mathbb{R} $ ώστε η εξίσωση \qt_endl\[ x^2+\left( \lambda^2-3\lambda+2\right) x+1=0 \]\qt_endl\begin{rlist}\qt_endl\item να έχει δύο λύσεις άνισες.\qt_endl\item οι λύσεις της εξίσωσης να είναι θετικές για κάθε τιμή της παραμέτρου $ \lambda $.\qt_endl\end{rlist}\qt_endl%# End of file Alg-Anis2ou-EidhRizwn-SectEx1
Preamble,Basic
BuildCommand,PdfLaTeX
FileDescription,
MultiSection,0
Class,
Year,
Semester,
