Id,Alg-Anis2ou-EidhRizwn-SectEx2
FileType,SectEx
Field,Algebra
Chapter,ExAn
Section,Anis2ou
ExerciseType,EidhRizwn
Difficulty,0
Path,/home/spyros/Μαθηματικά/Βάση Δεδομένων Μαθηματικών/Άλγεβρα/Ενότητες/Ανισώσεις 2ου βαθμού/Ασκήσεις/Είδη και πλήθος ριζών τριωνύμου 2ου β./Alg-Anis2ou-EidhRizwn-SectEx2.tex
Date,14/10/2020 15:22
Solved,ΟΧΙ
Bibliography,
FileContent,%# Database File : Alg-Anis2ou-EidhRizwn-SectEx2----\qt_endl%@ Database source: Mathematics\qt_endlΔίνεται η εξίσωση $ x^2-\left(\lambda^2-4\lambda+3\right)x+4-3\lambda-\lambda^2=0  $. Να βρεθούν οι τιμές της παραμέτρου $ \lambda $ ώστε\qt_endl\begin{alist}\qt_endl\item η εξίσωση να έχει δύο λύσεις άνισες.\qt_endl\item η εξίσωση να έχει μια διπλή λύση.\qt_endl\item οι ρίζες τις εξίσωσης να είναι\qt_endl\begin{multicols}{4}\qt_endl\begin{alist}\qt_endl\item ομόσημες\qt_endl\item ετερόσημες\qt_endl\item θετικές\qt_endl\item αρνητικές\qt_endl\end{alist}\qt_endl\end{multicols}\qt_endl\end{alist}\qt_endl%# End of file Alg-Anis2ou-EidhRizwn-SectEx2
Preamble,Basic
BuildCommand,PdfLaTeX
FileDescription,
MultiSection,0
Class,
Year,
Semester,
