Id,DTX-Algebra-AlgPar-Polyonyma-BathmPol-SectEx1
FileType,SectEx
Field,Algebra
Chapter,AlgPar
Section,Polyonyma
ExerciseType,BathmPol
Difficulty,1
Path,/home/spyros/Μαθηματικά/Βάση Δεδομένων Μαθηματικών/Άλγεβρα/Αλγεβρικές παραστάσεις/Πολυώνυμα/Ασκήσεις/Βαθμός πολυωνύμου/DTX-Algebra-AlgPar-Polyonyma-BathmPol-SectEx1.tex
Date,13/1/2022 10:33
Solved,NO
Bibliography,@article{DTX-Algebra-AlgPar-Polyonyma-BathmPol-SectEx1,}
FileContent,%# Database File : DTX-Algebra-AlgPar-Polyonyma-BathmPol-SectEx1\qt_endl%@ Database source: Mathematics\qt_endl\qt_endl%# End of file DTX-Algebra-AlgPar-Polyonyma-BathmPol-SectEx1
Preamble,Basic
BuildCommand,PdfLaTeX
FileDescription,Εύρεση βαθμού πολυωνύμου
MultiSection,0