Id,Alg-Anis2ou-EpilAnis-SolSE2
FileType,SolSE
Field,Algebra
Chapter,ExAn
Section,Anis2ou
ExerciseType,EpilAnis
Difficulty,0
Path,/home/spyros/Μαθηματικά/Βάση Δεδομένων Μαθηματικών/Άλγεβρα/Ενότητες/Ανισώσεις 2ου βαθμού/Λύσεις ασκήσεων ενότητας/Επίλυση απλής πολυωνυμικής ανίσωσης/Alg-Anis2ou-EpilAnis-SolSE2.tex
Date,07/10/2020 17:19
Solved,ΟΧΙ
Bibliography,
FileContent,%# Database File : Alg-Anis2ou-EpilAnis-SolSE2----\qt_endl%@ Database source: Mathematics\qt_endlλυση 2\qt_endl%# End of file Alg-Anis2ou-EpilAnis-SolSE2
Preamble,Basic
BuildCommand,PdfLaTeX
FileDescription,
MultiSection,0
Class,
Year,
Semester,
