Id,Alg-Anis2ou-EpilAnis-SolSE3
FileType,SolSE
Field,Algebra
Chapter,ExAn
Section,Anis2ou
ExerciseType,EpilAnis
Difficulty,0
Path,/home/spyros/Μαθηματικά/Βάση Δεδομένων Μαθηματικών/Άλγεβρα/Ενότητες/Ανισώσεις 2ου βαθμού/Λύσεις ασκήσεων ενότητας/Επίλυση απλής πολυωνυμικής ανίσωσης/Alg-Anis2ou-EpilAnis-SolSE3.tex
Date,08/10/2020 01:33
Solved,ΟΧΙ
Bibliography,
FileContent,%# Database File : Alg-Anis2ou-EpilAnis-SolSE3----\qt_endl%@ Database source: Mathematics\qt_endllysh3\qt_endl%# End of file Alg-Anis2ou-EpilAnis-SolSE3
Preamble,Basic
BuildCommand,PdfLaTeX
FileDescription,
MultiSection,0
Class,
Year,
Semester,
