Id,Alg-Exis1ou-EpilExis-SectEx1
FileType,SectEx
Field,Algebra
Chapter,ExAn
Section,Exis1ou
ExerciseType,EpilExis
Difficulty,0
Path,/home/spyros/Μαθηματικά/Βάση Δεδομένων Μαθηματικών/Άλγεβρα/Ενότητες/Εξισώσεις 1ου βαθμού/Ασκήσεις/Επίλυση απλής πολυωνυμικής εξίσωσης/Alg-Exis1ou-EpilExis-SectEx1.tex
Date,09/11/2020 20:21
Solved,ΟΧΙ
Bibliography,
FileContent,%# Database File : Alg-Exis1ou-EpilExis-SectEx1\qt_endl%@ Database source: Mathematics\qt_endlΝα λυθούν οι παρακάτω εξισώσεις.\qt_endl\begin{multicols}{2}\qt_endl\begin{alist}\qt_endl\item $ 2x-4=0 $\qt_endl\item $ 12-4x=4 $\qt_endl\item $ 3x+4=x-8 $\qt_endl\item $ 5x-7=2x+5 $\qt_endl\end{alist}\qt_endl\end{multicols}\qt_endl%# End of file Alg-Exis1ou-EpilExis-SectEx1
Preamble,Basic
BuildCommand,PdfLaTeX
FileDescription,
MultiSection,0
Class,
Year,
Semester,
