Id,Alg-GrammikaSys-MethAntS-SectEx2
FileType,SectEx
Field,Algebra
Chapter,Syst
Section,GrammikaSys
ExerciseType,MethAntS
Difficulty,0
Path,/home/spyros/Μαθηματικά/Βάση Δεδομένων Μαθηματικών/Άλγεβρα/Ενότητες/Γραμμικά συστήματα/Ασκήσεις/Μέθοδος αντίθετων συντελεστών/Alg-GrammikaSys-MethAntS-SectEx2.tex
Date,17/7/2020 00:43
Solved,ΟΧΙ
Bibliography,
FileContent,%# Database File : Alg-GrammikaSys-MethAntS-SectEx2----\qt_endl%@ Database source: Mathematics\qt_endlΝα λυθούν τα παρακάτω γραμμικά συστήματα με τη μέθοδο των αντίθετων συντελεστών.\qt_endl\begin{multicols}{2}\qt_endl\begin{rlist}[leftmargin=5mm]\qt_endl\item $ \systeme{4x-5y=-1,3x+7y=10} $\qt_endl\item $ \systeme{4x-y=7,x+2y=4} $\qt_endl\item $ \systeme{11x-8y=27,5x+9y=-13} $\qt_endl\item $ \systeme{8x+6y=28,7x-5y=4} $\qt_endl\end{rlist}\qt_endl\end{multicols}\qt_endl%# End of file Alg-GrammikaSys-MethAntS-SectEx2
Preamble,Basic
BuildCommand,PdfLaTeX
FileDescription,
MultiSection,0
Class,
Year,
Semester,
