Id,Alg-Anis1ou-AnisApT-SolSE1-3
FileType,SolSE
Field,Algebra
Chapter,ExAn
Section,Anis1ou
ExerciseType,AnisApT
Difficulty,
Path,/home/spyros/Μαθηματικά/Βάση Δεδομένων Μαθηματικών/Άλγεβρα/Ενότητες/Ανισώσεις 1ου βαθμού/Λύσεις ασκήσεων ενότητας/Ανισώσεις με απόλυτες τιμές/Alg-Anis1ou-AnisApT-SolSE1-3.tex
Date,17/7/2021 17:25
Solved,-
Bibliography,
FileContent,%# Database File : Alg-Anis1ou-AnisApT-SolSE1-3\qt_endl%@ Database source: Mathematics\qt_endls31\qt_endl%# End of file Alg-Anis1ou-AnisApT-SolSE1-3
Preamble,
BuildCommand,PdfLaTeX
FileDescription,
MultiSection,0
Class,
Year,
Semester,
