Id,Alg-Anis1ou-AnisApT-SolSE2
FileType,SolSE
Field,Algebra
Chapter,ExAn
Section,Anis1ou
ExerciseType,AnisApT
Difficulty,0
Path,/home/spyros/Μαθηματικά/Βάση Δεδομένων Μαθηματικών/Άλγεβρα/Ενότητες/Ανισώσεις 1ου βαθμού/Λύσεις ασκήσεων ενότητας/Ανισώσεις με απόλυτες τιμές/Alg-Anis1ou-AnisApT-SolSE2.tex
Date,
Solved,ΟΧΙ
Bibliography,
FileContent,%# Database File : Alg-Anis1ou-AnisApT-SolSE2\qt_endl%@ Database source: Mathematics\qt_endl\begin{alist}\qt_endl\item Η ανίσωση $ |x|<-2 $ είναι αδύνατη.\qt_endl\item Η ανίσωση $ |4x|\geq-1 $ επαληθεύεται για κάθε $ x\in\mathbb{R} $.\qt_endl\item $ |x-3|\leq 0\Rightarrow |x-3|=0\Rightarrow x-3=0\Rightarrow x=3 $.\qt_endl\item Η ανίσωση $ |2x-4|\geq 0 $ επαληθεύεται για κάθε $ x\in\mathbb{R} $.\qt_endl\end{alist}\qt_endl%# End of file Alg-Anis1ou-AnisApT-SolSE2
Preamble,Basic
BuildCommand,PdfLaTeX
FileDescription,
MultiSection,0
Class,
Year,
Semester,
