Id,Alg-Anis1ou-AnisApT-SolSE1
FileType,SolSE
Field,Algebra
Chapter,ExAn
Section,Anis1ou
ExerciseType,AnisApT
Difficulty,0
Path,/home/spyros/Μαθηματικά/Βάση Δεδομένων Μαθηματικών/Άλγεβρα/Ενότητες/Ανισώσεις 1ου βαθμού/Λύσεις ασκήσεων ενότητας/Ανισώσεις με απόλυτες τιμές/Alg-Anis1ou-AnisApT-SolSE1.tex
Date,15/12/2020 01:09
Solved,ΟΧΙ
Bibliography,
FileContent,%# Database File : Alg-Anis1ou-AnisApT-SolSE1\qt_endl%@ Database source: Mathematics\qt_endlh\qt_endl%# End of file Alg-Anis1ou-AnisApT-SolSE1
Preamble,Basic
BuildCommand,PdfLaTeX
FileDescription,
MultiSection,0
Class,
Year,
Semester,
