Id,Alg-Anis1ou-AnisApT-SolSE4
FileType,SolSE
Field,Algebra
Chapter,ExAn
Section,Anis1ou
ExerciseType,AnisApT
Difficulty,0
Path,/home/spyros/Μαθηματικά/Βάση Δεδομένων Μαθηματικών/Άλγεβρα/Ενότητες/Ανισώσεις 1ου βαθμού/Λύσεις ασκήσεων ενότητας/Ανισώσεις με απόλυτες τιμές/Alg-Anis1ou-AnisApT-SolSE4.tex
Date,19/3/2021 23:22
Solved,
Bibliography,
FileContent,
Preamble,Basic
BuildCommand,PdfLaTeX
FileDescription,
MultiSection,0
Class,
Year,
Semester,
