Id,DTX-Algebra-AlgPar-Polyonyma-PraksPol-SectEx1
FileType,SectEx
Field,Algebra
Chapter,AlgPar
Section,Polyonyma
ExerciseType,PraksPol
Difficulty,1
Path,/home/spyros/Μαθηματικά/Βάση Δεδομένων Μαθηματικών/Άλγεβρα/Αλγεβρικές παραστάσεις/Πολυώνυμα/Ασκήσεις/Πράξεις μεταξύ πολυωνύμων/DTX-Algebra-AlgPar-Polyonyma-PraksPol-SectEx1.tex
Date,13/1/2022 12:32
Solved,NO
Bibliography,@article{DTX-Algebra-AlgPar-Polyonyma-PraksPol-SectEx1,}
FileContent,%# Database File : DTX-Algebra-AlgPar-Polyonyma-PraksPol-SectEx1\qt_endl%@ Database source: Mathematics\qt_endlΔίνονται τα πολυώνυμα $ A(x)=x^2-3x+2 $ και $ B(x)=2x^2+5x-8 $. Να βρείτε τα \qt_endl%# End of file DTX-Algebra-AlgPar-Polyonyma-PraksPol-SectEx1
Preamble,Basic
BuildCommand,PdfLaTeX
FileDescription,Πρόσθεση πολυωνύμων
MultiSection,0