Id,DTX-Algebra-Syst-GrammikaSys-MethOriz-SectEx1
FileType,SectEx
Field,Algebra
Chapter,Syst
Section,GrammikaSys
ExerciseType,MethOriz
Difficulty,1
Path,/home/spyros/Μαθηματικά/Βάση Δεδομένων Μαθηματικών/Άλγεβρα/Συστήματα εξισώσεων και ανισώσεων/Γραμμικά συστήματα/Ασκήσεις/Μέθοδος οριζουσών/DTX-Algebra-Syst-GrammikaSys-MethOriz-SectEx1.tex
Date,10/1/2022 16:07
Solved,NO
Bibliography,@article{DTX-Algebra-Syst-GrammikaSys-MethOriz-SectEx1,}
FileContent,%# Database File : DTX-Algebra-Syst-GrammikaSys-MethOriz-SectEx1\qt_endl%@ Database source: Mathematics\qt_endlΝα λυθούν τα παρακάτω συστήματα με τη μέθοδο των οριζουσών\qt_endl\begin{multicols}{2}\qt_endl\begin{enumerate}\qt_endl\item $ \ccases{(\sqrt{2}+1)x+\sqrt{2}y=1-\sqrt{2}\\\sqrt{2}x+(\sqrt{2}-1)y=2-\sqrt{2}} $\qt_endl\end{enumerate}\qt_endl\end{multicols}\qt_endl%# End of file DTX-Algebra-Syst-GrammikaSys-MethOriz-SectEx1
Preamble,Basic
BuildCommand,PdfLaTeX
FileDescription,
MultiSection,0