Id,DTX-Algebra-AkolouthAnis1ou-CombEx1
FileType,CombEx
Field,Algebra
Chapter,-
Section,Akolouth-Anis1ou
ExerciseType,-
Difficulty,1
Path,/home/spyros/Μαθηματικά/Βάση Δεδομένων Μαθηματικών/Άλγεβρα/Συνδυαστικές ασκήσεις/Ακολουθίες-Ανισώσεις 1ου βαθμού/DTX-Algebra-AkolouthAnis1ou-CombEx1.tex
Date,29/10/2021 17:31
Solved,NO
Bibliography,@article{DTX-Algebra-AkolouthAnis1ou-CombEx1,}
FileContent,%# Database File : DTX-Algebra-AkolouthAnis1ou-CombEx1\qt_endl%@ Database source: Mathematics\qt_endlcsv2\qt_endl%# End of file DTX-Algebra-AkolouthAnis1ou-CombEx1
Preamble,Basic
BuildCommand,PdfLaTeX
FileDescription,
MultiSection,1
Class,
Year,
Semester,
