Id,Alg-Exis1ou-Method-Select file name
FileType,Method
Field,Algebra
Chapter,ExAn
Section,Exis1ou
ExerciseType,-
Difficulty,0
Path,/home/spyros/Μαθηματικά/Βάση Δεδομένων Μαθηματικών/Άλγεβρα/Sections/Εξισώσεις 1ου βαθμού/Μέθοδοι/Alg-Exis1ou-Method-Select file name.tex
Date,23/1/21 1:34 Π.Μ.
Solved,
Bibliography,
FileContent,%# Database File : Alg-Exis1ou-Method-Select file name----\qt_endl%#--------------------------------------------------\qt_endl%#--------------------------------------------------%# Στοιχεία αρχείου Alg-Exis1ou-Method-Select file name--------\qt_endl%#--------------------------------------------------%# End of file Alg-Exis1ou-Method-Select file name
Preamble,Basic
BuildCommand,PdfLaTeX
FileDescription,
MultiSection,0
Class,
Year,
Semester,
