Id,Alg-Diataxh-SygkrAr-SectEx3
FileType,SectEx
Field,Algebra
Chapter,Arith
Section,Diataxh
ExerciseType,SygkrAr
Difficulty,0
Path,/home/spyros/Μαθηματικά/Βάση Δεδομένων Μαθηματικών/Άλγεβρα/Ενότητες/Διάταξη αριθμών/Ασκήσεις/Σύγκριση αριθμών/Alg-Diataxh-SygkrAr-SectEx3.tex
Date,22/7/2020 23:30
Solved,ΟΧΙ
Bibliography,
FileContent,%# Database File : Alg-Diataxh-SygkrAr-SectEx3----\qt_endlΝα συγκριθούν οι παρακάτω αλγεβρικές παραστάσεις $ A $ και $ B $ στις παρακάτω περιπτώσεις.\qt_endl\begin{alist}\qt_endl\item $ A=(x+y)^2 $ και $ B=1-(x-y)^2 $\qt_endl\item \qt_endl\item \qt_endl\item \qt_endl\end{alist}\qt_endl%# End of file Alg-Diataxh-SygkrAr-SectEx3
Preamble,Basic
BuildCommand,PdfLaTeX
FileDescription,
MultiSection,0
Class,
Year,
Semester,
