Id,Alg-GrammikaSys-Parametrikes-SectEx1
FileType,SectEx
Field,Algebra
Chapter,Syst
Section,GrammikaSys
ExerciseType,Parametrikes
Difficulty,0
Path,/home/spyros/Μαθηματικά/Βάση Δεδομένων Μαθηματικών/Άλγεβρα/Ενότητες/Γραμμικά συστήματα/Ασκήσεις/Παραμετρικές/Alg-GrammikaSys-Parametrikes-SectEx1.tex
Date,17/7/2020 00:32
Solved,ΟΧΙ
Bibliography,
FileContent,%# Database File : Alg-GrammikaSys-Parametrikes-SectEx1----\qt_endl%@ Database source: Mathematics\qt_endlΝα βρεθούν οι τιμές της παραμέτρου $ \lambda\in\mathbb{R} $ ώστε η ευθεία $ \lambda x+(\lambda-1)y=4 $ να διέρχεται από το σημείο $ A(-2,3) $.\qt_endl%# End of file Alg-GrammikaSys-Parametrikes-SectEx1
Preamble,Basic
BuildCommand,PdfLaTeX
FileDescription,
MultiSection,0
Class,
Year,
Semester,
