Id,Alg-GrammikaSys-Parametrikes-SectEx3
FileType,SectEx
Field,Algebra
Chapter,Syst
Section,GrammikaSys
ExerciseType,Parametrikes
Difficulty,0
Path,/home/spyros/Μαθηματικά/Βάση Δεδομένων Μαθηματικών/Άλγεβρα/Ενότητες/Γραμμικά συστήματα/Ασκήσεις/Παραμετρικές/Alg-GrammikaSys-Parametrikes-SectEx3.tex
Date,17/7/2020 00:34
Solved,ΟΧΙ
Bibliography,
FileContent,%# Database File : Alg-GrammikaSys-Parametrikes-SectEx3----\qt_endl%@ Database source: Mathematics\qt_endlΑν γνωρίζουμε ότι το σημείο $ A(3\lambda-1,4-\lambda) $ ανήκει στην ευθεία $ 2x+3y=1 $ τότε να βρεθούν οι τιμές της παραμέτρου $ \lambda\in\mathbb{R} $.\qt_endl%# End of file Alg-GrammikaSys-Parametrikes-SectEx3
Preamble,Basic
BuildCommand,PdfLaTeX
FileDescription,
MultiSection,0
Class,
Year,
Semester,
