Id,Alg-ExAn-Exis1ou-EpilExis-SectEx2
FileType,SectEx
Field,Algebra
Chapter,ExAn
Section,Exis1ou
ExerciseType,EpilExis
Difficulty,1
Path,/home/spyros/Μαθηματικά/Βάση Δεδομένων Μαθηματικών/Άλγεβρα/Εξισώσεις 1ου βαθμού/Ασκήσεις/Επίλυση απλής πολυωνυμικής εξίσωσης/Alg-ExAn-Exis1ou-EpilExis-SectEx2.tex
Date,23/1/2021 01:35
Solved,ΟΧΙ
Bibliography,
FileContent,
Preamble,Basic
BuildCommand,PdfLaTeX
FileDescription,
MultiSection,0
Class,
Year,
Semester,
