Id,Alg-Anis2ou-EpilAnis-SectEx4
FileType,SectEx
Field,Algebra
Chapter,ExAn
Section,Anis2ou
ExerciseType,EpilAnis
Difficulty,0
Path,/home/spyros/Μαθηματικά/Βάση Δεδομένων Μαθηματικών/Άλγεβρα/Ενότητες/Ανισώσεις 2ου βαθμού/Ασκήσεις/Επίλυση απλής πολυωνυμικής ανίσωσης/Alg-Anis2ou-EpilAnis-SectEx4.tex
Date,21/8/2020 13:16
Solved,ΟΧΙ
Bibliography,
FileContent,%# Database File : Alg-Anis2ou-EpilAnis-SectEx4----\qt_endl%@ Database source: Mathematics\qt_endlΝα βρεθούν οι λύσεις των παρακάτω ανισώσεων\qt_endl\begin{multicols}{2}\qt_endl\begin{alist}\qt_endl\item $ -x^2+2x-1>0 $\qt_endl\item $ -4x^2+4x-1<0 $\qt_endl\item $ -9x^2-6x-1\leq 0 $\qt_endl\item $ -\frac{x^2}{4}+x-1\geq 0 $\qt_endl\end{alist}\qt_endl\end{multicols}\qt_endl%# End of file Alg-Anis2ou-EpilAnis-SectEx4
Preamble,Basic
BuildCommand,PdfLaTeX
FileDescription,
MultiSection,0
Class,
Year,
Semester,
