Id,Alg-Anis2ou-EpilAnis-SectEx5
FileType,SectEx
Field,Algebra
Chapter,ExAn
Section,Anis2ou
ExerciseType,EpilAnis
Difficulty,0
Path,/home/spyros/Μαθηματικά/Βάση Δεδομένων Μαθηματικών/Άλγεβρα/Ενότητες/Ανισώσεις 2ου βαθμού/Ασκήσεις/Επίλυση απλής πολυωνυμικής ανίσωσης/Alg-Anis2ou-EpilAnis-SectEx5.tex
Date,21/8/2020 13:16
Solved,ΟΧΙ
Bibliography,
FileContent,%# Database File : Alg-Anis2ou-EpilAnis-SectEx5----\qt_endl%@ Database source: Mathematics\qt_endlΝα βρεθούν οι λύσεις των παρακάτω ανισώσεων.\qt_endl\begin{multicols}{2}\qt_endl\begin{alist}\qt_endl\item $ x^2+x+2>0 $\qt_endl\item $ x^2-2x+3<0 $\qt_endl\item $ x^2-4x+5\geq0 $\qt_endl\item $ x^2+2x+2\leq0 $\qt_endl\end{alist}\qt_endl\end{multicols}\qt_endl%# End of file Alg-Anis2ou-EpilAnis-SectEx5
Preamble,Basic
BuildCommand,PdfLaTeX
FileDescription,
MultiSection,0
Class,
Year,
Semester,
