Id,Alg-Anis2ou-ParagTriwn-SectEx1
FileType,SectEx
Field,Algebra
Chapter,ExAn
Section,Anis2ou
ExerciseType,ParagTriwn
Difficulty,0
Path,/home/spyros/Μαθηματικά/Βάση Δεδομένων Μαθηματικών/Άλγεβρα/Ενότητες/Ανισώσεις 2ου βαθμού/Ασκήσεις/Παραγοντοποίηση τριωνύμου/Alg-Anis2ou-ParagTriwn-SectEx1.tex
Date,09/7/2020 17:55
Solved,ΟΧΙ
Bibliography,
FileContent,%# Database File : Alg-Anis2ou-ParagTriwn-SectEx1----\qt_endl%@ Database source: Mathematics\qt_endlΝα παραγοντοποιηθούν τα παρακάτω τριώνυμα:\qt_endl\begin{multicols}{2}\qt_endl\begin{alist}\qt_endl\item $ x^2-4x+3 $\qt_endl\item $ x^2-x-2 $\qt_endl\item $ 2x^2-5x+3 $\qt_endl\item $ 4x^2+3x+1 $\qt_endl\end{alist}\qt_endl\end{multicols}\qt_endl%# End of file Alg-Anis2ou-ParagTriwn-SectEx1
Preamble,Basic
BuildCommand,PdfLaTeX
FileDescription,
MultiSection,0
Class,
Year,
Semester,
