Id,Alg-Exis2ou-SwstoLathos-SectEx1
FileType,SectEx
Field,Algebra
Chapter,ExAn
Section,Exis2ou
ExerciseType,SwstoLathos
Difficulty,0
Path,/home/spyros/Μαθηματικά/Βάση Δεδομένων Μαθηματικών/Άλγεβρα/Ενότητες/Εξισώσεις 2ου βαθμού/Ασκήσεις/Σωστό - Λάθος/Alg-Exis2ou-SwstoLathos-SectEx1.tex
Date,23/7/2020 00:03
Solved,ΟΧΙ
Bibliography,
FileContent,%# Database File : Alg-Exis2ou-SwstoLathos-SectEx1----\qt_endl%@ Database source: Mathematics\qt_endlΝα χαρακτηριστούν οι παρακάτω προτάσεις ως σωστές (Σ) ή λανθασμένες (Λ).\qt_endl\begin{alist}[leftmargin=4mm]\qt_endl\item Αν για μια εξίσωση 2\textsuperscript{ου} βαθμού έχουμε $ \varDelta>0 $ τότε έχει 2 άνισες λύσεις.\qt_endl\item Αν για μια εξίσωση 2\textsuperscript{ου} βαθμού έχουμε $ \varDelta<0 $ τότε έχει μια διπλή λύση.\qt_endl\item Η εξίσωση $ ax^2+\beta x+\gamma=0 $ παριστάνει μια εξίσωση 2\textsuperscript{ου} βαθμού για κάθε τιμή του $ a $.\qt_endl\item Αν $ x_1, x_2 $ είναι οι λύσεις μιας εξίσωσης 2\textsuperscript{ου} βαθμού τότε : $ x_1+x_2=\frac{\beta}{a} $ και $ x_1\cdot x_2=\frac{\gamma}{a} $.\qt_endl\item Αν $ x_1, x_2 $ είναι οι λύσεις μιας εξίσωσης 2\textsuperscript{ου} βαθμού με $ x_1=-x_2 $ τότε $ \beta=0 $.\qt_endl\end{alist}\qt_endl%# End of file Alg-Exis2ou-SwstoLathos-SectEx1
Preamble,Basic
BuildCommand,PdfLaTeX
FileDescription,
MultiSection,0
Class,
Year,
Semester,
