Id,Algebra-Anis1ouAnis2ou-SolCE1
FileType,SolCE
Field,Algebra
Chapter,-
Section,Anis1ou-Anis2ou
ExerciseType,-
Difficulty,1
Path,/home/spyros/Μαθηματικά/Βάση Δεδομένων Μαθηματικών/Άλγεβρα/Λυσεις συνδυαστικών ασκήσεων/Ανισώσεις 1ου βαθμού-Ανισώσεις 2ου βαθμού/Algebra-Anis1ouAnis2ou-SolCE1.tex
Date,02/2/2021 00:08
Solved,
Bibliography,
FileContent,%# Database File : Algebra-Anis1ouAnis2ou-SolCE1----\qt_endlf\qt_endl%# End of file Algebra-Anis1ouAnis2ou-SolCE1
Preamble,Basic
BuildCommand,PdfLaTeX
FileDescription,
MultiSection,1
Class,
Year,
Semester,
