Id,DTX-Algebra-Akol-Akolouth-Definition2
FileType,Def
Field,Algebra
Chapter,Akol
Section,Akolouth
ExerciseType,-
Difficulty,0
Path,/home/spyros/Μαθηματικά/Βάση Δεδομένων Μαθηματικών/Άλγεβρα/Ακολουθίες/Ακολουθίες/Ορισμοί/DTX-Algebra-Akol-Akolouth-Definition2.tex
Date,29/10/2021 16:49
Solved,-
Bibliography,@article{DTX-Algebra-Akol-Akolouth-Definition2,}
FileContent,%# Database File : DTX-Algebra-Akol-Akolouth-Definition2\qt_endl%@ Database source: Mathematics\qt_endlcsv\qt_endl%# End of file DTX-Algebra-Akol-Akolouth-Definition2
Preamble,Basic
BuildCommand,PdfLaTeX
FileDescription,
MultiSection,0
Class,
Year,
Semester,
