Id,Alg-GrammikaSys-Problhmata-SectEx3
FileType,SectEx
Field,Algebra
Chapter,Syst
Section,GrammikaSys
ExerciseType,Problhmata
Difficulty,0
Path,/home/spyros/Μαθηματικά/Βάση Δεδομένων Μαθηματικών/Άλγεβρα/Ενότητες/Γραμμικά συστήματα/Ασκήσεις/Προβλήματα/Alg-GrammikaSys-Problhmata-SectEx3.tex
Date,18/7/2020 00:35
Solved,ΟΧΙ
Bibliography,
FileContent,%# Database File : Alg-GrammikaSys-Problhmata-SectEx3----\qt_endl%@ Database source: Mathematics\qt_endlΜια εταιρία κινητής τηλεφωνίας έχει τις εξής χρεώσεις : 0{,}07\officialeuro/sms και 0{,}09\officialeuro/1' ομιλίας. Ένας συνδρομητής, με μια κάρτα των 10\officialeuro\;ξόδεψε συνολικά 120 λεπτά και μηνύματα. Πόσα ήταν τα λεπτά ομιλίας και πόσα τα μηνύματα;\qt_endl%# End of file Alg-GrammikaSys-Problhmata-SectEx3
Preamble,Basic
BuildCommand,PdfLaTeX
FileDescription,
MultiSection,0
Class,
Year,
Semester,
