Id,Alg-GrammikaSys-Problhmata-SectEx4
FileType,SectEx
Field,Algebra
Chapter,Syst
Section,GrammikaSys
ExerciseType,Problhmata
Difficulty,0
Path,/home/spyros/Μαθηματικά/Βάση Δεδομένων Μαθηματικών/Άλγεβρα/Ενότητες/Γραμμικά συστήματα/Ασκήσεις/Προβλήματα/Alg-GrammikaSys-Problhmata-SectEx4.tex
Date,18/7/2020 00:36
Solved,ΟΧΙ
Bibliography,
FileContent,%# Database File : Alg-GrammikaSys-Problhmata-SectEx4----\qt_endl%@ Database source: Mathematics\qt_endlΈνας πατέρας είναι 32 χρόνια μεγαλύτερος από το γιο του. Σε 8 χρόνια ο πατέρας θα έχει τα 3πλάσια χρόνια από το γιο του. Ποια είναι η ηλικία του πατέρα και του γιου?\qt_endl%# End of file Alg-GrammikaSys-Problhmata-SectEx4
Preamble,Basic
BuildCommand,PdfLaTeX
FileDescription,
MultiSection,0
Class,
Year,
Semester,
