Id,Alg-GrammikaSys-Problhmata-SectEx2
FileType,SectEx
Field,Algebra
Chapter,Syst
Section,GrammikaSys
ExerciseType,Problhmata
Difficulty,0
Path,/home/spyros/Μαθηματικά/Βάση Δεδομένων Μαθηματικών/Άλγεβρα/Ενότητες/Γραμμικά συστήματα/Ασκήσεις/Προβλήματα/Alg-GrammikaSys-Problhmata-SectEx2.tex
Date,18/7/2020 00:34
Solved,ΟΧΙ
Bibliography,
FileContent,%# Database File : Alg-GrammikaSys-Problhmata-SectEx2----\qt_endl%@ Database source: Mathematics\qt_endlΈνας μαθητής έχει στο πορτοφόλι του 15 χαρτονομίσματα. Κάποια είναι των 5\officialeuro\; και κάποια των 10\officialeuro. Με τα χρήματα αυτά αγοράζει ένα κινητό τηλέφωνο αξίας 112\officialeuro\; και παίρνει ρέστα 8\officialeuro. Πόσα χαρτονομίσματα είναι των 5\officialeuro\; και πόσα των 10\officialeuro;\qt_endl%# End of file Alg-GrammikaSys-Problhmata-SectEx2
Preamble,Basic
BuildCommand,PdfLaTeX
FileDescription,
MultiSection,0
Class,
Year,
Semester,
