Id,Alg-GrammikaSys-Problhmata-SectEx5
FileType,SectEx
Field,Algebra
Chapter,Syst
Section,GrammikaSys
ExerciseType,Problhmata
Difficulty,0
Path,/home/spyros/Μαθηματικά/Βάση Δεδομένων Μαθηματικών/Άλγεβρα/Ενότητες/Γραμμικά συστήματα/Ασκήσεις/Προβλήματα/Alg-GrammikaSys-Problhmata-SectEx5.tex
Date,18/7/2020 00:37
Solved,ΟΧΙ
Bibliography,
FileContent,%# Database File : Alg-GrammikaSys-Problhmata-SectEx5----\qt_endl%@ Database source: Mathematics\qt_endlΣε ένα κουτί υπάρχουν κόκκινες και πράσινες μπάλες. Αν προσθέσουμε στο κουτί 3 κόκκινες μπάλες, οι κόκκινες θα είναι διπλάσιες από τις πράσινες ενώ αν προσθέσουμε 4 πράσινες τότε, κόκκινες και πράσινες θα είναι ίσες. Πόσες μπάλες από το κάθε χρώμα υπάρχουν;\qt_endl%# End of file Alg-GrammikaSys-Problhmata-SectEx5
Preamble,Basic
BuildCommand,PdfLaTeX
FileDescription,
MultiSection,0
Class,
Year,
Semester,
