Id,Alg-GrammikaSys-Problhmata-SectEx1
FileType,SectEx
Field,Algebra
Chapter,Syst
Section,GrammikaSys
ExerciseType,Problhmata
Difficulty,0
Path,/home/spyros/Μαθηματικά/Βάση Δεδομένων Μαθηματικών/Άλγεβρα/Ενότητες/Γραμμικά συστήματα/Ασκήσεις/Προβλήματα/Alg-GrammikaSys-Problhmata-SectEx1.tex
Date,18/7/2020 00:33
Solved,ΟΧΙ
Bibliography,
FileContent,%# Database File : Alg-GrammikaSys-Problhmata-SectEx1----\qt_endl%@ Database source: Mathematics\qt_endlΈνα ξενοδοχείο έχει 45 δωμάτια, άλλα δίκλινα και άλλα τρίκλινα. Συνολικά τα κρεβάτια είναι 110. Πόσα είναι τα δίκλινα και πόσα τα τρίκλινα δωμάτια;\qt_endl%# End of file Alg-GrammikaSys-Problhmata-SectEx1
Preamble,Basic
BuildCommand,PdfLaTeX
FileDescription,
MultiSection,0
Class,
Year,
Semester,
