Id,Alg-GrammikaSys-Problhmata-SectEx6
FileType,SectEx
Field,Algebra
Chapter,Syst
Section,GrammikaSys
ExerciseType,Problhmata
Difficulty,0
Path,/home/spyros/Μαθηματικά/Βάση Δεδομένων Μαθηματικών/Άλγεβρα/Ενότητες/Γραμμικά συστήματα/Ασκήσεις/Προβλήματα/Alg-GrammikaSys-Problhmata-SectEx6.tex
Date,18/7/2020 00:37
Solved,ΟΧΙ
Bibliography,
FileContent,%# Database File : Alg-GrammikaSys-Problhmata-SectEx6----\qt_endl%@ Database source: Mathematics\qt_endlΣε μια φάρμα ζουν 80 σε πλήθος κότες και αγελάδες. Αν όλα τα ζώα έχουν συνολικά 260 πόδια να βρεθούν πόσες κότες και πόσες αγελάδες ζουν στη φάρμα.\qt_endl%# End of file Alg-GrammikaSys-Problhmata-SectEx6
Preamble,Basic
BuildCommand,PdfLaTeX
FileDescription,
MultiSection,0
Class,
Year,
Semester,
