Id,Alg-Exis2ou-EidhRizwn-SectEx3
FileType,SectEx
Field,Algebra
Chapter,ExAn
Section,Exis2ou
ExerciseType,EidhRizwn
Difficulty,0
Path,/home/spyros/Μαθηματικά/Βάση Δεδομένων Μαθηματικών/Άλγεβρα/Ενότητες/Εξισώσεις 2ου βαθμού/Ασκήσεις/Είδη και πλήθος ριζών τριωνύμου 2ου β./Alg-Exis2ou-EidhRizwn-SectEx3.tex
Date,23/7/2020 14:31
Solved,ΟΧΙ
Bibliography,
FileContent,%# Database File : Alg-Exis2ou-EidhRizwn-SectEx3----\qt_endl%@ Database source: Mathematics\qt_endlΝα δειχθεί ότι η εξίσωση\qt_endl\[ x^2+x-\lambda^2=0 \]\qt_endlέχει 2 άνισες λύσεις για κάθε τιμή του $ \lambda\in\mathbb{R} $.\qt_endl%# End of file Alg-Exis2ou-EidhRizwn-SectEx3
Preamble,Basic
BuildCommand,PdfLaTeX
FileDescription,
MultiSection,0
Class,
Year,
Semester,
