Id,Alg-Exis2ou-EidhRizwn-SectEx2
FileType,SectEx
Field,Algebra
Chapter,ExAn
Section,Exis2ou
ExerciseType,EidhRizwn
Difficulty,0
Path,/home/spyros/Μαθηματικά/Βάση Δεδομένων Μαθηματικών/Άλγεβρα/Ενότητες/Εξισώσεις 2ου βαθμού/Ασκήσεις/Είδη και πλήθος ριζών τριωνύμου 2ου β./Alg-Exis2ou-EidhRizwn-SectEx2.tex
Date,23/7/2020 14:30
Solved,ΟΧΙ
Bibliography,
FileContent,%# Database File : Alg-Exis2ou-EidhRizwn-SectEx2----\qt_endl%@ Database source: Mathematics\qt_endlΔίνεται η παρακάτω εξίσωση 2\tss{ου} βαθμού\qt_endl\[ x^2+3\lambda x+2\lambda^2-\lambda=0 \]\qt_endlόπου $ \lambda\in\mathbb{R} $ είναι μια τυχαία παράμετρος.\qt_endl\begin{alist}\qt_endl\item Να βρεθεί η διακρίνουσα της εξίσωσης.\qt_endl\item Να βρεθούν οι τιμές τις παραμέτρου $ \lambda $ ώστε η εξίσωση να έχει μια διπλή λύση.\qt_endl\end{alist}\qt_endl%# End of file Alg-Exis2ou-EidhRizwn-SectEx2
Preamble,Basic
BuildCommand,PdfLaTeX
FileDescription,
MultiSection,0
Class,
Year,
Semester,
