Id,Alg-Exis2ou-EidhRizwn-SectEx6
FileType,SectEx
Field,Algebra
Chapter,ExAn
Section,Exis2ou
ExerciseType,EidhRizwn
Difficulty,0
Path,/home/spyros/Μαθηματικά/Βάση Δεδομένων Μαθηματικών/Άλγεβρα/Ενότητες/Εξισώσεις 2ου βαθμού/Ασκήσεις/Είδη και πλήθος ριζών τριωνύμου 2ου β./Alg-Exis2ou-EidhRizwn-SectEx6.tex
Date,23/7/2020 14:32
Solved,ΟΧΙ
Bibliography,
FileContent,%# Database File : Alg-Exis2ou-EidhRizwn-SectEx6----\qt_endl%@ Database source: Mathematics\qt_endlΝα βρεθεί η τιμή της παραμέτρου $ a\in\mathbb{R}^* $ έτσι ώστε η εξίσωση\qt_endl\[ 2ax^2+(a-4)x+a+2=0 \]\qt_endlνα έχει μια διπλή ρίζα.\qt_endl%# End of file Alg-Exis2ou-EidhRizwn-SectEx6
Preamble,Basic
BuildCommand,PdfLaTeX
FileDescription,
MultiSection,0
Class,
Year,
Semester,
