Id,Alg-Exis2ou-EidhRizwn-SectEx4
FileType,SectEx
Field,Algebra
Chapter,ExAn
Section,Exis2ou
ExerciseType,EidhRizwn
Difficulty,0
Path,/home/spyros/Μαθηματικά/Βάση Δεδομένων Μαθηματικών/Άλγεβρα/Ενότητες/Εξισώσεις 2ου βαθμού/Ασκήσεις/Είδη και πλήθος ριζών τριωνύμου 2ου β./Alg-Exis2ou-EidhRizwn-SectEx4.tex
Date,23/7/2020 14:32
Solved,ΟΧΙ
Bibliography,
FileContent,%# Database File : Alg-Exis2ou-EidhRizwn-SectEx4----\qt_endl%@ Database source: Mathematics\qt_endlΝα δειχτεί ότι η εξίσωση\qt_endl\[ ax^2+(a-1)x-1=0 \]\qt_endl\begin{alist}\qt_endl\item έχει λύσεις για κάθε $ a\in\mathbb{R}^* $.\qt_endl\item έχει μια διπλή λύση για $ a=-1 $.\qt_endl\end{alist}\qt_endl%# End of file Alg-Exis2ou-EidhRizwn-SectEx4
Preamble,Basic
BuildCommand,PdfLaTeX
FileDescription,
MultiSection,0
Class,
Year,
Semester,
