Id,Alg-Exis2ou-EidhRizwn-SectEx5
FileType,SectEx
Field,Algebra
Chapter,ExAn
Section,Exis2ou
ExerciseType,EidhRizwn
Difficulty,0
Path,/home/spyros/Μαθηματικά/Βάση Δεδομένων Μαθηματικών/Άλγεβρα/Ενότητες/Εξισώσεις 2ου βαθμού/Ασκήσεις/Είδη και πλήθος ριζών τριωνύμου 2ου β./Alg-Exis2ou-EidhRizwn-SectEx5.tex
Date,23/7/2020 14:32
Solved,ΟΧΙ
Bibliography,
FileContent,%# Database File : Alg-Exis2ou-EidhRizwn-SectEx5----\qt_endl%@ Database source: Mathematics\qt_endlΝα δειχτεί ότι η εξίσωση\qt_endl\[ x^2+(a-3) x+a^2+4=0 \]\qt_endlδεν έχει λύσεις για καμία τιμή του $ a $.\qt_endl%# End of file Alg-Exis2ou-EidhRizwn-SectEx5
Preamble,Basic
BuildCommand,PdfLaTeX
FileDescription,
MultiSection,0
Class,
Year,
Semester,
