Id,Alg-Exis1ou-ExisApolTim-SectEx1
FileType,SectEx
Field,Algebra
Chapter,ExAn
Section,Exis1ou
ExerciseType,ExisApolTim
Difficulty,0
Path,/home/spyros/Μαθηματικά/Βάση Δεδομένων Μαθηματικών/Άλγεβρα/Ενότητες/Εξισώσεις 1ου βαθμού/Ασκήσεις/Εξισώσεις με απόλυτες τιμές/Alg-Exis1ou-ExisApolTim-SectEx1.tex
Date,14/10/2020 14:56
Solved,ΟΧΙ
Bibliography,@article{Alg-Exis1ou-ExisApolTim-SectEx1_1,
	title = {Equations2},
}

@book{Alg-Exis1ou-ExisApolTim-SectEx1,
	title = {Equations},
	author = {Spyros},
	editor = {EE},
	publisher = {44},
	year = {2021},
}


FileContent,%# Database File : Alg-Exis1ou-ExisApolTim-SectEx1\qt_endl%@ Database source: Mathematics\qt_endl\item Να λυθούν οι εξισώσεις.\qt_endl\begin{multicols}{4}\qt_endl\begin{alist}\qt_endl\item $ \left|x-3\right|=x+2 $\qt_endl\item $ \left|4x-1\right|=2x-5 $\qt_endl\item $ \left|2x-3\right|=4-7x $\qt_endl\item $ \left|\dfrac{x}{2}-1\right|=\dfrac{x+3}{4} $\qt_endl\end{alist}\qt_endl\end{multicols}\qt_endl%# End of file Alg-Exis1ou-ExisApolTim-SectEx1
Preamble,Basic
BuildCommand,PdfLaTeX
FileDescription,Μια καινούρια άσκηση
MultiSection,0
Class,Α' Λυκείου
Year,
Semester,
