Id,Algebra-Table-IdiothtesRizwn
FileType,Tab
Field,Algebra
Chapter,Arith
Section,Rizes
ExerciseType,-
Difficulty,0
Path,/home/spyros/Μαθηματικά/Βάση Δεδομένων Μαθηματικών/Άλγεβρα/Ενότητες/Ρίζες πραγματικών αριθμών/Πίνακες/Algebra-Table-IdiothtesRizwn.tex
Date,18/2/2021 12:51
Solved,
Bibliography,
FileContent,%# Στοιχεία αρχείου Algebra-Table-IdiothtesRizwn--------\qt_endl\begin{longtable}{cc}\qt_endl\hline \rule[-2ex]{0pt}{5.5ex} \textbf{Ιδιότητα} & \textbf{Συνθήκη} \\\qt_endl\hhline{==}\rule[-2ex]{0pt}{5.5ex} Τετράγωνο ρίζας & $ \left(\!\sqrt{x}\;\right)^2=x\;\;,\;\; x\geq0  $ \\\qt_endl\rule[-2ex]{0pt}{5.5ex} Ν-οστή δύναμη ν-οστής ρίζας & $ \left(\!\sqrt[\nu]{x}\;\right)^\nu=x\;\;,\;\; x\geq0  $ \\\qt_endl\rule[-2ex]{0pt}{5.5ex} Ρίζα τετραγώνου & $ \sqrt{x^2}=|x|\;\;,\;\; x\in\mathbb{R} $\\\qt_endl\rule[-2ex]{0pt}{5.5ex} Ν-οστή ρίζα ν-οστής δύναμης & $ \sqrt[\nu]{x^\nu}=\begin{cases}\qt_endl|x|&  x\in\mathbb{R}\textrm{ αν }\nu\textrm{ άρτιος}\\x&  x\geq0\textrm{ και } \nu\in\mathbb{N}\end{cases} $\\\qt_endl\hhline{~-} \multirow{3}{*}{Ρίζα γινομένου} & $ \sqrt{x\cdot y}=\!\sqrt{x}\cdot\!\sqrt{y}\;\;,\;\; x,y\geq0 $ \rule[-2ex]{0pt}{5.5ex}\\\qt_endl\rule[-2ex]{0pt}{5.5ex} & $ \sqrt[\nu]{x\cdot y}=\!\sqrt[\nu]{x}\cdot\!\sqrt[\nu]{y}\;\;,\;\; x,y\geq0 $ \\\qt_endl\hhline{~-} \multirow{3}{*}{Ρίζα πηλίκου} & $ \sqrt{\dfrac{x}{y}}\;=\dfrac{\sqrt{x}}{\sqrt{y}}\;\;,\;\; x\geq0\textrm{ και }y>0 $ \rule[-2ex]{0pt}{6.5ex}\\\qt_endl\rule[-2ex]{0pt}{7.5ex} & $ \sqrt[\nu]{\dfrac{x}{y}}\;=\dfrac{\sqrt[\nu]{x}}{\sqrt[\nu]{y}}\;\;,\;\; x\geq0\textrm{ και }y>0 $ \\\qt_endl\hhline{~-}\rule[-2ex]{0pt}{5.5ex} Μ-οστή ρίζα ν-οστής ρίζας  & $ \sqrt[\mu]{\!\sqrt[\nu]{x}}=\!\sqrt[\nu\cdot\mu]{x}\;\;,\;\; x\geq0 $ \\\qt_endl\rule[-2ex]{0pt}{5.5ex} Απλοποίηση ρίζας & $ \sqrt[\nu]{x^\nu\cdot y}=x\!\sqrt[\nu]{y}\;\;,\;\; x,y\geq0  $ \\\qt_endl\rule[-2ex]{0pt}{5.5ex} Απλοποίηση τάξης και δύναμης & $ \sqrt[\mu\cdot\rho]{x^{\nu\cdot\rho}}=\!\sqrt[\mu]{x^{\nu}}\;\;,\;\; x\geq0 $ \\\qt_endl\hline\qt_endl\end{longtable}\qt_endl%#--------------------------------------------------
Preamble,Basic
BuildCommand,PdfLaTeX
FileDescription,
MultiSection,0
Class,Α΄ Λυκείου
Year,
Semester,
