Id,Alg-GrammikaSys-MethOriz-SectEx2
FileType,SectEx
Field,Algebra
Chapter,Syst
Section,GrammikaSys
ExerciseType,MethOriz
Difficulty,0
Path,/home/spyros/Μαθηματικά/Βάση Δεδομένων Μαθηματικών/Άλγεβρα/Ενότητες/Γραμμικά συστήματα/Ασκήσεις/Μέθοδος οριζουσών/Alg-GrammikaSys-MethOriz-SectEx2.tex
Date,17/7/2020 00:46
Solved,ΟΧΙ
Bibliography,
FileContent,%# Database File : Alg-GrammikaSys-MethOriz-SectEx2----\qt_endl%@ Database source: Mathematics\qt_endlΝα λυθούν τα παρακάτω γραμμικά συστήματα με τη μέθοδο των οριζουσών.\qt_endl\begin{multicols}{2}\qt_endl\begin{rlist}[leftmargin=5mm]\qt_endl\item $ \systeme{2x+y=5,4x+2y=3} $\qt_endl\item $ \systeme{4x+2y=8,6x+3y=12} $\qt_endl\item $ \systeme{x-y=3,2x-2y=5} $\qt_endl\item $ \systeme{3x+5y=2,6x+10y=4} $\qt_endl\end{rlist}\qt_endl\end{multicols}\qt_endl%# End of file Alg-GrammikaSys-MethOriz-SectEx2
Preamble,Basic
BuildCommand,PdfLaTeX
FileDescription,
MultiSection,0
Class,
Year,
Semester,
