Id,Alg-Exis1ou-ExisApolTim-SolSE1-1
FileType,SolSE
Field,Algebra
Chapter,ExAn
Section,Exis1ou
ExerciseType,ExisApolTim
Difficulty,0
Path,/home/spyros/Μαθηματικά/Βάση Δεδομένων Μαθηματικών/Άλγεβρα/Ενότητες/Εξισώσεις 1ου βαθμού/Λύσεις ασκήσεων ενότητας/Εξισώσεις με απόλυτες τιμές/Alg-Exis1ou-ExisApolTim-SolSE1-1.tex
Date,12/2/2022 16:54
Solved,-
Bibliography,@article{Alg-Exis1ou-ExisApolTim-SectEx1_2,\qt_endl	title = {Book title},\qt_endl	author = {Bob Writer},\qt_endl	publisher = {Book Publications},\qt_endl	year = {2022},\qt_endl	month = {1},\qt_endl	isbn = {97852135484},\qt_endl	pages = {524},\qt_endl	series = {2},\qt_endl}\qt_endl\qt_endl@book{Alg-Exis1ou-ExisApolTim-SectEx1_2,\qt_endl	title = {Book title},\qt_endl	author = {Bob Writer},\qt_endl	publisher = {Book Publications},\qt_endl	year = {2022},\qt_endl	month = {1},\qt_endl	isbn = {97852135484},\qt_endl	pages = {524},\qt_endl	series = {2},\qt_endl}\qt_endl
FileContent,%# Database File : Alg-Exis1ou-ExisApolTim-SolSE1-1\qt_endl%@ Database source: Mathematics\qt_endl\begin{alist}\qt_endl\item Πρέπει $ x+2\geq 0\Rightarrow x\geq -2 $. Έχουμε λοιπόν \qt_endl\[ |x-3|=x+2\Rightarrow x-3=\pm(x+2) \]\qt_endl\begin{itemize}\qt_endl\item $ x-3=x+2\Rightarrow x-x=2+3\Rightarrow 0x=5 $ αδύνατη.\qt_endl\item $ x-3=-x-2\Rightarrow x+x=-2+3\Rightarrow 2x=1\Rightarrow x=\frac{1}{2} $ δεκτή λύση.\qt_endl\end{itemize}\qt_endl\end{alist}\qt_endl%# End of file Alg-Exis1ou-ExisApolTim-SolSE1-1
Preamble,Basic
BuildCommand,PdfLaTeX
FileDescription,Μια καινούρια άσκηση
MultiSection,0
Class,Α' Λυκείου
Year,
Semester,
