Id,Alg-Logarithmos-YpolLog-SectEx2
FileType,SectEx
Field,Algebra
Chapter,Logar
Section,Logarithmos
ExerciseType,YpolLog
Difficulty,0
Path,/home/spyros/Μαθηματικά/Βάση Δεδομένων Μαθηματικών/Άλγεβρα/Ενότητες/Λογάριθμος/Ασκήσεις/Υπολογισμός λογαρίθμων/Alg-Logarithmos-YpolLog-SectEx2.tex
Date,16/7/2020 18:01
Solved,ΟΧΙ
Bibliography,
FileContent,%# Database File : Alg-Logarithmos-YpolLog-SectEx2\qt_endl%@ Database source: Mathematics\qt_endlΝα υπολογίσετε την τιμή των παρακάτω λογαρίθμων.\qt_endl\begin{multicols}{3}\qt_endl\begin{rlist}[leftmargin=5mm]\qt_endl\item $ \log{100} $\qt_endl\item $ \log{10000} $\qt_endl\item $ \log{10^7} $\qt_endl\item $ \log{10^{-19}} $\qt_endl\item $ \ln{e^2} $\qt_endl\item $ \ln{e^{-23}} $\qt_endl\end{rlist}\qt_endl\end{multicols}\qt_endl%# End of file Alg-Logarithmos-YpolLog-SectEx2
Preamble,Basic
BuildCommand,PdfLaTeX
FileDescription,
MultiSection,0
Class,
Year,
Semester,
