Id,Alg-Logarithmos-YpolLog-SectEx4
FileType,SectEx
Field,Algebra
Chapter,Logar
Section,Logarithmos
ExerciseType,YpolLog
Difficulty,0
Path,/home/spyros/Μαθηματικά/Βάση Δεδομένων Μαθηματικών/Άλγεβρα/Ενότητες/Λογάριθμος/Ασκήσεις/Υπολογισμός λογαρίθμων/Alg-Logarithmos-YpolLog-SectEx4.tex
Date,16/7/2020 18:03
Solved,ΟΧΙ
Bibliography,
FileContent,%# Database File : Alg-Logarithmos-YpolLog-SectEx4\qt_endl%@ Database source: Mathematics\qt_endlΝα υπολογίσετε την τιμή των παρακάτω λογαρίθμων.\qt_endl\begin{multicols}{3}\qt_endl\begin{rlist}\qt_endl\item $ \log{\frac{1}{10}} $\qt_endl\item $ \log{\frac{1}{1000}} $\qt_endl\item $ \log{\frac{1}{10^{-3}}} $\qt_endl\item $ \ln{\frac{1}{e}} $\qt_endl\item $ \ln{\frac{1}{e^5}} $\qt_endl\item $ \ln{\frac{1}{e^{-4}}} $\qt_endl\end{rlist}\qt_endl\end{multicols}\qt_endl%# End of file Alg-Logarithmos-YpolLog-SectEx4
Preamble,Basic
BuildCommand,PdfLaTeX
FileDescription,
MultiSection,0
Class,
Year,
Semester,
