Id,Alg-Logarithmos-YpolLog-SectEx3
FileType,SectEx
Field,Algebra
Chapter,Logar
Section,Logarithmos
ExerciseType,YpolLog
Difficulty,0
Path,/home/spyros/Μαθηματικά/Βάση Δεδομένων Μαθηματικών/Άλγεβρα/Ενότητες/Λογάριθμος/Ασκήσεις/Υπολογισμός λογαρίθμων/Alg-Logarithmos-YpolLog-SectEx3.tex
Date,16/7/2020 18:02
Solved,ΟΧΙ
Bibliography,
FileContent,%# Database File : Alg-Logarithmos-YpolLog-SectEx3\qt_endl%@ Database source: Mathematics\qt_endlΝα υπολογίσετε την τιμή των παρακάτω λογαρίθμων.\qt_endl\begin{multicols}{3}\qt_endl\begin{rlist}\qt_endl\item $ \log_{2}{\frac{1}{4}} $\qt_endl\item $ \log_{2}{\frac{1}{32}} $\qt_endl\item $ \log_{3}{\frac{1}{9}} $\qt_endl\item $ \log_{3}{\frac{1}{81}} $\qt_endl\item $ \log_{4}{\frac{1}{64}} $\qt_endl\item $ \log_{8}{\frac{1}{512}} $\qt_endl\end{rlist}\qt_endl\end{multicols}\qt_endl%# End of file Alg-Logarithmos-YpolLog-SectEx3
Preamble,Basic
BuildCommand,PdfLaTeX
FileDescription,
MultiSection,0
Class,
Year,
Semester,
