Id,Alg-Logarithmos-YpolLog-SectEx6
FileType,SectEx
Field,Algebra
Chapter,Logar
Section,Logarithmos
ExerciseType,YpolLog
Difficulty,0
Path,/home/spyros/Μαθηματικά/Βάση Δεδομένων Μαθηματικών/Άλγεβρα/Ενότητες/Λογάριθμος/Ασκήσεις/Υπολογισμός λογαρίθμων/Alg-Logarithmos-YpolLog-SectEx6.tex
Date,16/7/2020 18:05
Solved,ΟΧΙ
Bibliography,
FileContent,%# Database File : Alg-Logarithmos-YpolLog-SectEx6\qt_endl%@ Database source: Mathematics\qt_endlΝα υπολογίσετε την τιμή των παρακάτω λογαρίθμων.\qt_endl\begin{multicols}{3}\qt_endl\begin{rlist}[leftmargin=2mm]\qt_endl\item $ \log_{0{,}1}{0{,}01} $\qt_endl\item $ \log_{0{,}2}{0{,}008} $\qt_endl\item $ \log_{0{,}3}{0{,}0081} $\qt_endl\item $ \log_{1{,}5}{2{,}25} $\qt_endl\item $ \log_{0{,}4}{6{,}25} $\qt_endl\item $ \log_{0{,}5}{8} $\qt_endl\end{rlist}\qt_endl\end{multicols}\qt_endl%# End of file Alg-Logarithmos-YpolLog-SectEx6
Preamble,Basic
BuildCommand,PdfLaTeX
FileDescription,
MultiSection,0
Class,
Year,
Semester,
