Id,Alg-GrammikaSys-MethAnt-SectEx5
FileType,SectEx
Field,Algebra
Chapter,Syst
Section,GrammikaSys
ExerciseType,MethAnt
Difficulty,0
Path,/home/spyros/Μαθηματικά/Βάση Δεδομένων Μαθηματικών/Άλγεβρα/Ενότητες/Γραμμικά συστήματα/Ασκήσεις/Μέθοδος αντικατάστασης/Alg-GrammikaSys-MethAnt-SectEx5.tex
Date,17/7/2020 00:39
Solved,ΟΧΙ
Bibliography,
FileContent,%# Database File : Alg-GrammikaSys-MethAnt-SectEx5----\qt_endl%@ Database source: Mathematics\qt_endlΝα λυθούν τα παρακάτω γραμμικά συστήματα με τη μέθοδο της αντικατάστασης.\qt_endl\begin{multicols}{2}\qt_endl\begin{rlist}[leftmargin=5mm]\qt_endl\item $ \systeme{-x+y=2,2x-2y=3} $\qt_endl\item $ \systeme{x=2y-1,4x-8y=5} $\qt_endl\item $ \systeme{2x+y=1,y=7-2x} $\qt_endl\end{rlist}\qt_endl\end{multicols}\qt_endl%# End of file Alg-GrammikaSys-MethAnt-SectEx5
Preamble,Basic
BuildCommand,PdfLaTeX
FileDescription,
MultiSection,0
Class,
Year,
Semester,
