Id,Algebra-Anis1ouAnis2ou-CombEx1
FileType,CombEx
Field,Algebra
Chapter,-
Section,Anis1ou-Anis2ou
ExerciseType,-
Difficulty,1
Path,/home/spyros/Μαθηματικά/Βάση Δεδομένων Μαθηματικών/Άλγεβρα/Συνδυαστικές ασκήσεις/Ανισώσεις 1ου βαθμού-Ανισώσεις 2ου βαθμού/Algebra-Anis1ouAnis2ou-CombEx1.tex
Date,26/1/2021 00:28
Solved,NAI
Bibliography,
FileContent,%# Database File : Algebra-Anis1ouAnis2ou-CombEx1----\qt_endlΝα βρεθεί.\qt_endl%# End of file Algebra-Anis1ouAnis2ou-CombEx1
Preamble,Basic
BuildCommand,PdfLaTeX
FileDescription,
MultiSection,1
Class,
Year,
Semester,
