Id,Alg-GrammikaSys-Parametrikes-SolSE2-1
FileType,SolSE
Field,Algebra
Chapter,Syst
Section,GrammikaSys
ExerciseType,Parametrikes
Difficulty,
Path,/home/spyros/Μαθηματικά/Βάση Δεδομένων Μαθηματικών/Άλγεβρα/Ενότητες/Γραμμικά συστήματα/Λύσεις ασκήσεων ενότητας/Παραμετρικές/Alg-GrammikaSys-Parametrikes-SolSE2-1.tex
Date,27/10/2021 01:41
Solved,-
Bibliography,
FileContent,%# Database File : Alg-GrammikaSys-Parametrikes-SolSE2-1\qt_endl%@ Database source: Mathematics\qt_endllysh\qt_endl%# End of file Alg-GrammikaSys-Parametrikes-SolSE2-1
Preamble,Basic
BuildCommand,PdfLaTeX
FileDescription,
MultiSection,0
Class,
Year,
Semester,
