Id,DTX-Algebra-Arith-Arithmoi-Tab1
FileType,Tab
Field,Algebra
Chapter,Arith
Section,Arithmoi
ExerciseType,-
Difficulty,0
Path,/home/spyros/Μαθηματικά/Βάση Δεδομένων Μαθηματικών/Άλγεβρα/Αριθμοί/Αριθμοί/Πίνακες/DTX-Algebra-Arith-Arithmoi-Tab1.tex
Date,10/2/2022 16:43
Solved,-
Bibliography,@article{DTX-Algebra-Arith-Arithmoi-Tab1,}
FileContent,%# Database File : DTX-Algebra-Arith-Arithmoi-Tab1\qt_endl%@ Database source: Mathematics\qt_endl\begin{longtable}{c|>{\centering\arraybackslash}m{1.5cm}|>{\centering\arraybackslash}m{1.5cm}|>{\centering\arraybackslash}m{1.2cm}|>{\centering\arraybackslash}m{1cm}|>{\centering\arraybackslash}m{1.5cm}|>{\centering\arraybackslash}m{1cm}|>{\centering\arraybackslash}m{1cm}}\qt_endl\hline  \multicolumn{8}{c}{\textbf{Ψηφία Ακέραιου Αριθμού}} \rule[-2ex]{0pt}{5.5ex}\\ \qt_endl\hhline{========} \rule[-2ex]{0pt}{6ex} \begin{minipage}{1.5cm}\qt_endl\begin{center}\qt_endl{\footnotesize \textbf{Δεκαδική}}\\{\footnotesize \textbf{Τάξη}}\qt_endl\end{center}\qt_endl\end{minipage} &\qt_endl{\footnotesize Εκατομμύρια} & \qt_endl\begin{minipage}{1.5cm}\qt_endl\begin{center}\qt_endl\vspace{-1.4mm}\qt_endl{\footnotesize Εκατοντάδες}\\\vspace{-3mm}{\footnotesize Χιλιάδες}\qt_endl\end{center}\qt_endl\end{minipage} & \qt_endl\begin{minipage}{1.3cm}\qt_endl\begin{center}\qt_endl{\footnotesize Δεκάδες}\\{\footnotesize Χιλιάδες}\qt_endl\end{center}\qt_endl\end{minipage} & \qt_endl{\footnotesize Χιλιάδες}& \qt_endl{\footnotesize Εκατοντάδες} & \qt_endl{\footnotesize Δεκάδες}& \qt_endl{\footnotesize Μονάδες}  \\ \qt_endl\hline \rule[-1.5ex]{0pt}{4.5ex} {\footnotesize \textbf{Συμβ.}} & {\footnotesize Εκ} & {\footnotesize ΕΧ} & {\footnotesize ΔΧ} & {\footnotesize Χ} & {\footnotesize Ε} & {\footnotesize Δ} & {\footnotesize Μ} \\ \qt_endl\hline \rule[-1.5ex]{0pt}{4.5ex} {\footnotesize \textbf{Αξία}} & {\footnotesize $ 1.000.000 $} & {\footnotesize $ 100.000 $} & {\footnotesize $ 10.000 $} & {\footnotesize $ 1.000 $} & {\footnotesize $ 100 $} & {\footnotesize $ 10 $} & {\footnotesize $ 1 $}\\\qt_endl\hline \qt_endl\end{longtable}\qt_endl%# End of file DTX-Algebra-Arith-Arithmoi-Tab1
Preamble,Basic
BuildCommand,PdfLaTeX
FileDescription,
MultiSection,0