Id,DTX-Algebra-ExAn-Exis2ou-Parametrikes-SectEx2
FileType,SectEx
Field,Algebra
Chapter,ExAn
Section,Exis2ou
ExerciseType,Parametrikes
Difficulty,1
Path,/home/spyros/Μαθηματικά/Βάση Δεδομένων Μαθηματικών/Άλγεβρα/Εξισώσεις - Ανισώσεις/Εξισώσεις 2ου βαθμού/Ασκήσεις/Παραμετρικές/DTX-Algebra-ExAn-Exis2ou-Parametrikes-SectEx2.tex
Date,24/2/2022 11:43
Solved,NO
Bibliography,@article{DTX-Algebra-ExAn-Exis2ou-Parametrikes-SectEx2,}
FileContent,%# Database File : DTX-Algebra-ExAn-Exis2ou-Parametrikes-SectEx2\qt_endl%@ Database source: Mathematics\qt_endlΔίνεται η εξίσωση\qt_endl\[ (\lambda-1)x^2+(\lambda-2)x-1=0 \]\qt_endlόπου $ \lambda\in\mathbb{R} $. Να λυθεί η εξίσωση για τις διάφορες τιμές του $ \lamnda $.\qt_endl%# End of file DTX-Algebra-ExAn-Exis2ou-Parametrikes-SectEx2
Preamble,Basic
BuildCommand,PdfLaTeX
FileDescription,
MultiSection,0