Id,DTX-Algebra-ExAn-Exis2ou-Parametrikes-SectEx1
FileType,SectEx
Field,Algebra
Chapter,ExAn
Section,Exis2ou
ExerciseType,Parametrikes
Difficulty,1
Path,/home/spyros/Μαθηματικά/Βάση Δεδομένων Μαθηματικών/Άλγεβρα/Εξισώσεις - Ανισώσεις/Εξισώσεις 2ου βαθμού/Ασκήσεις/Παραμετρικές/DTX-Algebra-ExAn-Exis2ou-Parametrikes-SectEx1.tex
Date,24/2/2022 11:26
Solved,NO
Bibliography,@article{DTX-Algebra-ExAn-Exis2ou-Parametrikes-SectEx1,}
FileContent,%# Database File : DTX-Algebra-ExAn-Exis2ou-Parametrikes-SectEx1\qt_endl%@ Database source: Mathematics\qt_endlΔίνεται η εξίσωση \qt_endl\[ x^2-\lambda x+\lambda-1=0 \]\qt_endlόπου $ \lambda\in\mathbb{R} $. Να λυθεί η εξίσωση για τις διάφορες τιμές του $ \lambda $.\qt_endl%# End of file DTX-Algebra-ExAn-Exis2ou-Parametrikes-SectEx1
Preamble,Basic
BuildCommand,PdfLaTeX
FileDescription,
MultiSection,0