Id,Alg-Exis2ou-EpilExis-SectEx3
FileType,SectEx
Field,Algebra
Chapter,ExAn
Section,Exis2ou
ExerciseType,EpilExis
Difficulty,0
Path,/home/spyros/Μαθηματικά/Βάση Δεδομένων Μαθηματικών/Άλγεβρα/Ενότητες/Εξισώσεις 2ου βαθμού/Ασκήσεις/Επίλυση απλής πολυωνυμικής εξίσωσης/Alg-Exis2ou-EpilExis-SectEx3.tex
Date,03/12/2020 01:50
Solved,ΟΧΙ
Bibliography,
FileContent,%# Database File : Alg-Exis2ou-EpilExis-SectEx3----\qt_endl%@ Database source: Mathematics\qt_endlΝα λυθούν οι παρακάτω εξισώσεις.\qt_endl\begin{multicols}{2}\qt_endl\begin{alist}\qt_endl\item $ x^2+x+4=0 $\qt_endl\item $ x^2+3x+12=0 $\qt_endl\item $ 2x^2-3x+8=0 $\qt_endl\item $ 2x^2+x+5=0 $\qt_endl\end{alist}\qt_endl\end{multicols}\qt_endl%# End of file Alg-Exis2ou-EpilExis-SectEx3
Preamble,Basic
BuildCommand,PdfLaTeX
FileDescription,
MultiSection,0
Class,
Year,
Semester,
