Id,Alg-TrigExisoseis-AplTrExis-SectEx2
FileType,SectEx
Field,Algebra
Chapter,Trigmt
Section,TrigExisoseis
ExerciseType,AplTrExis
Difficulty,0
Path,/home/spyros/Μαθηματικά/Βάση Δεδομένων Μαθηματικών/Άλγεβρα/Ενότητες/Τριγωνομετρικές εξισώσεις/Ασκήσεις/Απλές τριγωνομετρικές εξισώσεις/Alg-TrigExisoseis-AplTrExis-SectEx2.tex
Date,17/10/2020 16:19
Solved,ΟΧΙ
Bibliography,
FileContent,%# Database File : Alg-TrigExisoseis-AplTrExis-SectEx2\qt_endl%@ Database source: Mathematics\qt_endlΝα λυθούν οι παρακάτω εξισώσεις.\qt_endl\begin{multicols}{2}\qt_endl\begin{alist}\qt_endl\item $ \syn{x}=\frac{\sqrt{2}}{2} $\qt_endl\item $ \syn{x}=\frac{\sqrt{3}}{2} $\qt_endl\item $ \syn{x}=0 $\qt_endl\item $ \syn{x}=1 $\qt_endl\end{alist}\qt_endl\end{multicols}\qt_endl%# End of file Alg-TrigExisoseis-AplTrExis-SectEx2
Preamble,Basic
BuildCommand,PdfLaTeX
FileDescription,
MultiSection,0
Class,
Year,
Semester,
