Id,DTX-Algebra-Arith-Arithmoi-Def2
FileType,Def
Field,Algebra
Chapter,Arith
Section,Arithmoi
ExerciseType,-
Difficulty,0
Path,/home/spyros/Μαθηματικά/Βάση Δεδομένων Μαθηματικών/Άλγεβρα/Αριθμοί/Αριθμοί/Ορισμοί/DTX-Algebra-Arith-Arithmoi-Def2.tex
Date,10/2/2022 16:39
Solved,-
Bibliography,@article{DTX-Algebra-Arith-Arithmoi-Def2,}
FileContent,%# Database File : DTX-Algebra-Arith-Arithmoi-Def2\qt_endl%@ Database source: Mathematics\qt_endlΆρτιοι ή αλλιώς ζυγοί ονομάζονται οι φυσικοί αριθμοί που διαιρούνται με το $ 2 $ ενώ περιττοί ή μονοί λέγονται αυτοί που δεν διαιρούνται με το $ 2 $. \qt_endl%# End of file DTX-Algebra-Arith-Arithmoi-Def2
Preamble,Basic
BuildCommand,PdfLaTeX
FileDescription,Άρτιοι - Περιττοί αριθμοί (Απλή μορφή)
MultiSection,0