Id,Alg-GrammikaSys-MethAnt-SolSE5-1
FileType,SolSE
Field,Algebra
Chapter,Syst
Section,GrammikaSys
ExerciseType,MethAnt
Difficulty,0
Path,/home/spyros/Μαθηματικά/Βάση Δεδομένων Μαθηματικών/Άλγεβρα/Ενότητες/Γραμμικά συστήματα/Λύσεις ασκήσεων ενότητας/Μέθοδος αντικατάστασης/Alg-GrammikaSys-MethAnt-SolSE5-1.tex
Date,21/2/2022 18:06
Solved,-
Bibliography,
FileContent,%# Database File : Alg-GrammikaSys-MethAnt-SolSE5-1\qt_endl%@ Database source: Mathematics\qt_endl\begin{alist}\qt_endl\item \qt_endl\end{alist}\qt_endl%# End of file Alg-GrammikaSys-MethAnt-SolSE5-1
Preamble,Basic
BuildCommand,PdfLaTeX
FileDescription,
MultiSection,0
Class,
Year,
Semester,
