Id,Algebra-Or-Exiswsh_2Ou_Bathmou
FileType,Def
Field,Algebra
Chapter,ExAn
Section,Exis2ou
ExerciseType,-
Difficulty,0
Path,/home/spyros/Μαθηματικά/Βάση Δεδομένων Μαθηματικών/Άλγεβρα/Ορισμοί/Algebra-Or-Exiswsh_2Ou_Bathmou.tex
Date,09/7/2020 17:55
Solved,
Bibliography,@article{Algebra-Or-Exiswsh_2Ou_Bathmou,
	title = {1},
	author = {2},
	editor = {3},
}
FileContent,%# Database File : Algebra-Or-Exiswsh_2Ou_Bathmou\qt_endl%@ Database source: Mathematics\qt_endlΕξίσωση 2ου βαθμού ονομάζεται κάθε εξίσωση της μορφής:\qt_endl\[ ax^2+\beta x+\gamma=0\ ,\ a\neq 0 \]\qt_endl%# End of file Algebra-Or-Exiswsh_2Ou_Bathmou
Preamble,Basic
BuildCommand,PdfLaTeX
FileDescription,
MultiSection,0
Class,
Year,
Semester,
