Id,Algebra-Or-Akolouthia
FileType,Def
Field,Algebra
Chapter,Akol
Section,Akolouth
ExerciseType,-
Difficulty,0
Path,/home/spyros/Μαθηματικά/Βάση Δεδομένων Μαθηματικών/Άλγεβρα/Ορισμοί/Algebra-Or-Akolouthia.tex
Date,06/10/2020 12:23
Solved,
Bibliography,
FileContent,%# Database File : Algebra-Or-Akolouthia\qt_endl%@ Database source: Mathematics\qt_endlΑκολουθία πραγματικών αριθμών ονομάζεται κάθε συνάρτηση της μορφής $ a:\mathbb{N}^*\rightarrow\mathbb{R} $ όπου κάθε φυσικός αριθμός $ \nu\in\mathbb{N}^* $, εκτός του μηδενός, αντιστοιχεί σε ένα πραγματικό αριθμό $ a(\nu)\in\mathbb{R} $ ή πιο απλά $ a_\nu $.\qt_endl\begin{itemize}[itemsep=0mm]\qt_endl\item Η ακολουθία των πραγματικών αριθμών συμβολίζεται $ \left( a_\nu\right)  $.\qt_endl\item Οι πραγματικοί αριθμοί $ a_1, a_2,\ldots,a_\nu $ ονομάζονται \textbf{όροι} της ακολουθίας.\qt_endl\item Ο όρος $ a_\nu $ ονομάζεται \textbf{ν-οστός} ή \textbf{γενικός} όρος της ακολουθίας.\qt_endl\item Οι όροι μιας ακολουθίας μπορούν να δίνονται είτε από \qt_endl\begin{itemize}[itemsep=0mm]\qt_endl\item έναν \textbf{γενικό τύπο} της μορφής $ a_\nu=f(\nu) $, όπου δίνεται κατευθείαν ο γενικός όρος της\qt_endl\item είτε από \textbf{αναδρομικό τύπο} όπου κάθε όρος δίνεται με τη βοήθεια ενός ή περισσότερων προηγούμενων όρων. Θα είναι της μορφής \[ a_{\nu+i}=f(a_{\nu+i-1},\ldots,a_{\nu+1},a_\nu)\;\;,\;\;a_1,a_2,\ldots,a_i\textrm{ γνωστοί όροι.} \]\qt_endlΣτον αναδρομικό τύπο, ο αριθμός $ i\in\mathbb{N} $ είναι το πλήθος των προηγούμενων όρων από τους οποίους εξαρτάται ο όρος $ a_{\nu+i} $. Είναι επίσης αναγκαίο να γνωρίζουμε τις τιμές των $ i $ πρώτων όρων της προκειμένου να υπολογίσουμε τους υπόλοιπους.\qt_endl\end{itemize}\qt_endl\item Μια ακολουθία της οποίας όλοι οι όροι είναι ίσοι ονομάζεται \textbf{σταθερή}.\qt_endl\end{itemize}\qt_endl%# End of file Algebra-Or-Akolouthia
Preamble,Basic
BuildCommand,PdfLaTeX
FileDescription,
MultiSection,0
Class,
Year,
Semester,
