Id,Algebra-Or-Dynamh_Me_Rhto_Ektheth
FileType,Def
Field,Algebra
Chapter,Arith
Section,Dynameis
ExerciseType,-
Difficulty,0
Path,/home/spyros/Μαθηματικά/Βάση Δεδομένων Μαθηματικών/Άλγεβρα/Ορισμοί/Algebra-Or-Dynamh_Me_Rhto_Ektheth.tex
Date,09/7/2020 17:55
Solved,
Bibliography,
FileContent,%# Database File : Algebra-Or-Dynamh_Me_Rhto_Ektheth\qt_endl%@ Database source: Mathematics\qt_endlΔύναμη ενός \textbf{θετικού} αριθμού $ a $ με εκθέτη ένα ρητό αριθμό $ \frac{\mu}{\nu} $, όπου $ \mu\in\mathbb{Z} $ και $ \nu\in\mathbb{N}^* $, ορίζεται ως η ρίζα $ \nu $-τάξης του αριθμού $ a $ υψωμένο στη δύναμη $ \mu $.\qt_endl\[ a^{\frac{\mu}{\nu}}=\!\sqrt[\nu]{a^\mu}\ ,\ \textrm{ όπου } a>0 \]\qt_endl%# End of file Algebra-Or-Dynamh_Me_Rhto_Ektheth
Preamble,Basic
BuildCommand,PdfLaTeX
FileDescription,
MultiSection,0
Class,
Year,
Semester,
