Id,Algebra-Or-Tautothta
FileType,Def
Field,Algebra
Chapter,AlgPar
Section,Tautothtes
ExerciseType,-
Difficulty,0
Path,/home/spyros/Μαθηματικά/Βάση Δεδομένων Μαθηματικών/Άλγεβρα/Ορισμοί/Algebra-Or-Tautothta.tex
Date,09/7/2020 17:55
Solved,
Bibliography,
FileContent,%# Database File : Algebra-Or-Tautothta\qt_endl%@ Database source: Mathematics\qt_endlΤαυτότητα ονομάζεται κάθε ισότητα που περιέχει μεταβλητές και επαληθεύεται για κάθε τιμή των μεταβλητών.\qt_endl%# End of file Algebra-Or-Tautothta
Preamble,Basic
BuildCommand,PdfLaTeX
FileDescription,
MultiSection,0
Class,
Year,
Semester,
