Id,Algebra-Or-N_Osth_Riza
FileType,Def
Field,Algebra
Chapter,Arith
Section,Rizes
ExerciseType,-
Difficulty,0
Path,/home/spyros/Μαθηματικά/Βάση Δεδομένων Μαθηματικών/Άλγεβρα/Ορισμοί/Algebra-Or-N_Osth_Riza.tex
Date,09/7/2020 17:55
Solved,
Bibliography,
FileContent,%# Database File : Algebra-Or-N_Osth_Riza\qt_endl%@ Database source: Mathematics\qt_endlΡίζα $ \nu $-οστής \textbf{τάξης} ενός μη αρνητικού αριθμού $ x $ ονομάζεται ο \textbf{μη αρνητικός} αριθμός $ a $ που αν υψωθεί στη δύναμη $ \nu $ δίνει αποτέλεσμα $ x $ (υπόριζο). Συμβολίζεται με $ \sqrt[\nu]{x} $.\qt_endl\[ \sqrt[\nu]{x}=a\;\;,\;\;\textrm{ όπου }x\geq0\textrm{ και }a\geq0 \]\qt_endl%# End of file Algebra-Or-N_Osth_Riza
Preamble,Basic
BuildCommand,PdfLaTeX
FileDescription,
MultiSection,0
Class,
Year,
Semester,
