Id,Algebra-Or-Atithmitikos_Mesos
FileType,Def
Field,Algebra
Chapter,Akol
Section,Akolouth
ExerciseType,-
Difficulty,0
Path,/home/spyros/Μαθηματικά/Βάση Δεδομένων Μαθηματικών/Άλγεβρα/Ορισμοί/Algebra-Or-Atithmitikos_Mesos.tex
Date,09/7/2020 17:55
Solved,
Bibliography,
FileContent,%# Database File : Algebra-Or-Atithmitikos_Mesos\qt_endl%@ Database source: Mathematics\qt_endlΑριθμητικός μέσος τριών διαδοχικών όρων $ a,\beta,\gamma $ μιας αριθμητικής προόδου $ (a_\nu) $ ονομάζεται ο μεσαίος όρος $ \beta $ για τον οποίο έχουμε \[ 2\beta=a+\gamma\;\;\textrm{ ή }\;\;\beta=\frac{a+\gamma}{2} \]\qt_endlΓενικότερα, αριθμητικός μέσος $ \nu $ διαδοχικών όρων $ a_1,a_2,\ldots,a_\nu $ μιας αριθμητικής προόδου ονομάζεται ο πραγματικός αριθμός \[ \mu=\frac{a_1+a_2+\ldots+a_\nu}{\nu} \]\qt_endl%# End of file Algebra-Or-Atithmitikos_Mesos
Preamble,Basic
BuildCommand,PdfLaTeX
FileDescription,
MultiSection,0
Class,
Year,
Semester,
